Title:,cce_0567_ec,,,,,,,
Algorithm: ,ReverseRBS,,,,,,,
Submit Date: ,06/08/2015,CPU Time: ,0:00:36.4,,,,,
Organism: ,Escherichia coli 536 (ACCTCCTTA),,,,,,,
mRNA sequence: ,ATGACAGTCGCTACTGATAATAATCCCACTCCAGAAGCCGTTGCGGATCTCAAAAAGAAGGTTCGTAAACTCAATTCTAAAGCCGGTCAAATGAAGATGGACTTACACGATCTCGCTGAGGGACTGCCTACCGACTACGAAAACCTAGTGGAAACGGCAGAAAAAACTTACGAAATATTCCGTGAGTTAGATCAACTAAAGAAAAAACTAAACATCTGGGAGGAAACCCTAAAATGA,,,,,,,
,,,,,,,,
Start Position,Translation Initiation Rate (au),dG_total (kcal/mol),dG_mRNA_rRNA (kcal/mol),dG_spacing (kcal/mol),dG_standby (kcal/mol),dG_start (kcal/mol),dG_mRNA (kcal/mol),Accuracy (warnings)
0,1452.86,1.21,0,0,0,-1.19,-2.4,LDS
13,235.94,5.24,-1.38,0,0,-0.03,-6.66,NEQ
40,12.12,11.84,0.02,0.01,0,-0.04,-11.86,OK
90,1489.94,1.15,-7.28,1.52,-0.5,-1.19,-7.6,NEQ
96,483.01,3.65,-5.38,1.73,0,-1.19,-8.5,NEQ
115,117.45,6.79,-0.98,0,0,-0.03,-7.81,NEQ
123,57.29,8.39,-0.38,0.01,0,-0.03,-8.8,OK
147,27.15,10.05,-3.88,0.01,0,-0.07,-14,NEQ
181,100.37,7.14,-0.98,0,0,-0.07,-8.2,OK
215,166.99,6.01,-0.88,1.73,0,-0.03,-5.2,CDS
233,27734.62,-5.35,-11.08,1.73,0,-1.19,-5.2,CDS
