Title:,nifT_ec,,,,,,,
Algorithm: ,ReverseRBS,,,,,,,
Submit Date: ,06/08/2015,CPU Time: ,0:00:50.78,,,,,
Organism: ,Escherichia coli 536 (ACCTCCTTA),,,,,,,
mRNA sequence: ,CTAGAGACGTTTTGCGTCCAAGGTTTGGGGTAACTTTGTATCGTCATTAAGGTTAGGAAATTGTAATTCCCAACCATTAGCTAAGGTTAAAATTTTGCCGTCTCCTTCAATGGTTTCGTTAACCACTGCTTCCTCTAAATCTTTCTTAGGAACATAAACGGATAAATTTCCGGCATCTTCTCTGCTTAAGATCACTTTCAT,,,,,,,
,,,,,,,,
Start Position,Translation Initiation Rate (au),dG_total (kcal/mol),dG_mRNA_rRNA (kcal/mol),dG_spacing (kcal/mol),dG_standby (kcal/mol),dG_start (kcal/mol),dG_mRNA (kcal/mol),Accuracy (warnings)
11,74.7,7.8,-3.68,1.52,0,-0.04,-10,NEQ
24,14.47,11.45,-0.08,0.67,0,-0.04,-10.9,NEQ
35,6202.86,-2.02,-9.7,0.01,3.48,-0.04,-11.2,NEQ
60,653.63,2.98,-6.98,0.01,-0.5,-0.04,-9.5,NEQ
94,980.03,2.08,-8.68,0.01,0,-0.04,-10.8,NEQ
109,15.63,11.28,-1.08,1.15,0,-1.19,-12.4,NEQ
125,268.59,4.96,-1.68,1.15,0,-0.03,-5.52,OK
181,264.6,4.99,-3.08,0.01,-1.4,-0.03,-6.7,CDS NEQ
